<application>
  <component name="ProjectManager">
    <defaultProject>
      <component name="MarkdownSettingsMigration">
        <option name="stateVersion" value="1" />
      </component>
      <component name="PropertiesComponent">{
  &quot;keyToString&quot;: {
    &quot;project.structure.last.edited&quot;: &quot;Project&quot;,
    &quot;project.structure.proportion&quot;: &quot;0.15&quot;,
    &quot;project.structure.side.proportion&quot;: &quot;0.0&quot;,
    &quot;settings.editor.selected.configurable&quot;: &quot;preferences.pathVariables&quot;
  }
}</component>
      <component name="WindowStateProjectService">
        <state x="208" y="25" key="SettingsEditor" timestamp="1679407936780">
          <screen x="0" y="25" width="1440" height="802" />
        </state>
        <state x="208" y="25" key="SettingsEditor/0.25.1440.802" timestamp="1679407936780" />
      </component>
      <component name="masterDetails">
        <states>
          <state key="GlobalLibrariesConfigurable.UI" />
          <state key="JdkListConfigurable.UI" />
          <state key="ProjectJDKs.UI">
            <settings>
              <last-edited>11</last-edited>
              <splitter-proportions>
                <option name="proportions">
                  <list>
                    <option value="0.2" />
                  </list>
                </option>
              </splitter-proportions>
            </settings>
          </state>
          <state key="ProjectLibrariesConfigurable.UI" />
          <state key="ScopeChooserConfigurable.UI">
            <settings>
              <splitter-proportions>
                <option name="proportions">
                  <list>
                    <option value="0.2" />
                  </list>
                </option>
              </splitter-proportions>
            </settings>
          </state>
        </states>
      </component>
    </defaultProject>
  </component>
</application>